{
    "final_accuracy": 0.8700000047683716,
    "max_accuracy": 0.8700000047683716,
    "rounds": 10,
    "clients": 5
}